#ridge, pmodel
dstat,pval
-250.74305318579445,0.0
r2ridge,r2pmodel
0.9033631021177276,0.8963179835910683