#ridge, pmodel
dstat,pval
-136.37854524564605,0.0
r2ridge,r2pmodel
0.9022397139323969,0.8960328945173412