#ridge, pmodel
dstat,pval
-126.74962895640408,0.0
r2ridge,r2pmodel
0.9051630960416998,0.9024761630295282