ridge ,ridge_p ,rf                  ,rf_p                  ,ols                 ,ols_p                   ,lasso               ,lasso_p                ,enet                ,enet_p                  ,xgb                 ,xgb_p                  ,lstm               ,lstm_p                  ,
  0.0 ,    0.0 ,-20.884928428519036 ,1.169157293266829e-80 ,-35.715068074721565 ,1.0950603554339172e-180 ,-135.144286267255   ,0.0                    ,-47.849860408564325 ,1.0371048715224281e-260 ,-20.754769133131873 ,7.771707679728265e-80  ,-78.58551167216795 ,0.0                     ,
  0.0 ,    0.0 ,0.0                 ,0.0                   ,20.263197955610515  ,9.52434010840231e-77    ,-15.991089802159893 ,2.0205117576509048e-51 ,13.782837124320242  ,1.0808398800140773e-39  ,19.72918509902383   ,1.990058253806976e-73  ,-7.570834009557574 ,8.417035144729933e-14   ,
  0.0 ,    0.0 ,0.0                 ,0.0                   ,0.0                 ,0.0                     ,-122.40865108053221 ,0.0                    ,-43.42837658473786  ,2.706756715184709e-232  ,-18.79336428871365  ,1.0516661185247251e-67 ,-77.06565969877924 ,0.0                     ,
  0.0 ,    0.0 ,0.0                 ,0.0                   ,0.0                 ,0.0                     ,0.0                 ,0.0                    ,113.34922156255384  ,0.0                     ,65.52943433624297   ,0.0                    ,26.356523640843225 ,1.1978432936290425e-116 ,
  0.0 ,    0.0 ,0.0                 ,0.0                   ,0.0                 ,0.0                     ,0.0                 ,0.0                    ,0.0                 ,0.0                     ,8.260573828022084   ,4.567436667713964e-16  ,-67.61732780304206 ,0.0                     ,
  0.0 ,    0.0 ,0.0                 ,0.0                   ,0.0                 ,0.0                     ,0.0                 ,0.0                    ,0.0                 ,0.0                     ,0.0                 ,0.0                    ,-66.80172518345233 ,0.0                     ,
  0.0 ,    0.0 ,0.0                 ,0.0                   ,0.0                 ,0.0                     ,0.0                 ,0.0                    ,0.0                 ,0.0                     ,0.0                 ,0.0                    ,0.0                ,0.0                     ,
