ridge ,ridge_p ,rf                 ,rf_p                  ,ols                ,ols_p                  ,lasso               ,lasso_p               ,enet               ,enet_p                ,xgb                 ,xgb_p                   ,lstm                ,lstm_p                 ,
  0.0 ,    0.0 ,-23.16323836546428 ,2.375308718251983e-95 , 9.702432751674841 ,2.4830102087052804e-21 ,-147.7410113241698  ,0.0                   ,-67.99659757084505 ,0.0                   ,-9.48372749704151   ,1.730416343147195e-20   ,-73.57061306616677  ,0.0                    ,
  0.0 ,    0.0 ,0.0                ,0.0                   ,23.27113214248888  ,4.653638287129164e-96  ,-20.042269689930706 ,2.274680455237081e-75 ,11.934077669609026 ,8.699939773682336e-31 ,27.002589886958674  ,5.025129523390461e-121  ,-11.623189269286797 ,2.2171281513029707e-29 ,
  0.0 ,    0.0 ,0.0                ,0.0                   , 0.0               ,0.0                    ,-144.7109600733611  ,0.0                   ,-67.39221049181576 ,0.0                   ,-10.004319907387334 ,1.6058545340199295e-22  ,-73.44888475105815  ,0.0                    ,
  0.0 ,    0.0 ,0.0                ,0.0                   , 0.0               ,0.0                    ,0.0                 ,0.0                   ,115.58771064142668 ,0.0                   ,78.07080066181297   ,0.0                     ,25.64192467079352   ,7.902928216734982e-112 ,
  0.0 ,    0.0 ,0.0                ,0.0                   , 0.0               ,0.0                    ,0.0                 ,0.0                   ,0.0                ,0.0                   ,33.360580693994656  ,1.4011271507508929e-164 ,-59.26097925336473  ,0.0                    ,
  0.0 ,    0.0 ,0.0                ,0.0                   , 0.0               ,0.0                    ,0.0                 ,0.0                   ,0.0                ,0.0                   ,0.0                 ,0.0                     ,-99.56641744573875  ,0.0                    ,
  0.0 ,    0.0 ,0.0                ,0.0                   , 0.0               ,0.0                    ,0.0                 ,0.0                   ,0.0                ,0.0                   ,0.0                 ,0.0                     ,0.0                 ,0.0                    ,
