ridge ,ridge_p ,rf                 ,rf_p                   ,ols                  ,ols_p                   ,lasso               ,lasso_p               ,enet               ,enet_p                  ,xgb                 ,xgb_p                   ,lstm                ,lstm_p                  ,
  0.0 ,    0.0 ,-42.57295509998091 ,1.093664584697586e-226 ,-0.07748167408701696 ,0.9382558845097536      ,-132.92281920091347 ,0.0                   ,-86.59041491929347 ,0.0                     ,-14.25497791397418  ,4.166377372185643e-42   ,-41.57526560606136  ,4.1600099418493705e-220 ,
  0.0 ,    0.0 ,0.0                ,0.0                    ,41.572665222921785   ,4.3281429965514375e-220 ,-15.84960804369913  ,1.226785570988632e-50 ,25.913238254650196 ,1.1775556097567394e-113 ,48.7491333348611    ,2.2780080174835864e-266 ,28.45523443860731   ,6.373345426294231e-131  ,
  0.0 ,    0.0 ,0.0                ,0.0                    ,0.0                  ,0.0                     ,-134.0817333829013  ,0.0                   ,-80.58942457212265 ,0.0                     ,-13.575123725173828 ,1.198232305208989e-38   ,-39.99403563817403  ,1.3620644098184043e-209 ,
  0.0 ,    0.0 ,0.0                ,0.0                    ,0.0                  ,0.0                     ,0.0                 ,0.0                   ,115.14138993305623 ,0.0                     ,78.8197364226217    ,0.0                     ,42.35285974988386   ,3.0672194074592444e-225 ,
  0.0 ,    0.0 ,0.0                ,0.0                    ,0.0                  ,0.0                     ,0.0                 ,0.0                   ,0.0                ,0.0                     ,35.43506618604331   ,8.89875564873868e-179   ,-14.178279818141654 ,1.0364522843662168e-41  ,
  0.0 ,    0.0 ,0.0                ,0.0                    ,0.0                  ,0.0                     ,0.0                 ,0.0                   ,0.0                ,0.0                     ,0.0                 ,0.0                     ,-49.6954183103603   ,2.8144974353680587e-272 ,
  0.0 ,    0.0 ,0.0                ,0.0                    ,0.0                  ,0.0                     ,0.0                 ,0.0                   ,0.0                ,0.0                     ,0.0                 ,0.0                     ,0.0                 ,0.0                     ,
